{"flutter":{"platforms":{"android":{"default":{"projectId":"medi-app-db50c","appId":"1:763213460964:android:704cbe67fadb45678bc3f1","fileOutput":"android/app/google-services.json"}},"dart":{"lib/firebase_options.dart":{"projectId":"medi-app-db50c","configurations":{"android":"1:763213460964:android:704cbe67fadb45678bc3f1","ios":"1:763213460964:ios:86b7f27fef41200a8bc3f1","macos":"1:763213460964:ios:86b7f27fef41200a8bc3f1","web":"1:763213460964:web:387cfc9cf7598a268bc3f1","windows":"1:763213460964:web:6e0f8126d46598ce8bc3f1"}}}}}}