{
  "project_info": {
    "project_number": "763213460964",
    "project_id": "medi-app-db50c",
    "storage_bucket": "medi-app-db50c.appspot.com"
  },
  "client": [
    {
      "client_info": {
        "mobilesdk_app_id": "1:763213460964:android:704cbe67fadb45678bc3f1",
        "android_client_info": {
          "package_name": "com.example.medi_app"
        }
      },
      "oauth_client": [],
      "api_key": [
        {
          "current_key": "AIzaSyDq4U-ZPKKzySAlLyp7QckvkZz25CUXVjU"
        }
      ],
      "services": {
        "appinvite_service": {
          "other_platform_oauth_client": []
        }
      }
    }
  ],
  "configuration_version": "1"
}