{"flutter":{"platforms":{"android":{"default":{"projectId":"demooo-a0e05","appId":"1:638531777445:android:9f6f1e39b35b5d0c89ee4c","fileOutput":"android/app/google-services.json"}},"dart":{"lib/firebase_options.dart":{"projectId":"demooo-a0e05","configurations":{"android":"1:638531777445:android:9f6f1e39b35b5d0c89ee4c","ios":"1:638531777445:ios:ec915c22dade6a1c89ee4c","macos":"1:638531777445:ios:ec915c22dade6a1c89ee4c","web":"1:638531777445:web:f90e447c4dc76e0289ee4c","windows":"1:638531777445:web:8ea0ffdbbbf2a47b89ee4c"}}}}}}